{"firstEye":{"horizontal":[[0.527033362031589,6.676691830155908,3.200077772140503],[0.5469214134290072,6.358483007797214,3.200077772140503]],"vertical":[[0.7723193292664162,6.5308461199081735,3.200077772140503],[0.35135557468772566,6.497699367579143,3.200077772140503]]},"secondEye":{"horizontal":[[-0.527033362031589,6.676691830155908,3.200077772140503],[-0.5469214134290072,6.358483007797214,3.200077772140503]],"vertical":[[-0.7723193292664162,6.5308461199081735,3.200077772140503],[-0.35135557468772566,6.497699367579143,3.200077772140503]]},"orbitState":{"target":{"x":0,"y":6.8374535789517505,"z":-4.1108752166668944e-16},"position":{"x":0,"y":6.837453578951752,"z":30},"zoom":10.056289377146364},"fileName":"Amamiya"}