{"firstEye":{"horizontal":[[0.5393173290450259,6.681886028038205,4.336459159851074],[0.5006565886116908,6.364867956484857,4.336459159851074]],"vertical":[[0.7867460678183713,6.5233769922615314,4.336459159851074],[0.34987970092168336,6.519510918218198,4.336459159851074]]},"secondEye":{"horizontal":[[-0.5393173290450259,6.681886028038205,4.336459159851074],[-0.5006565886116908,6.364867956484857,4.336459159851074]],"vertical":[[-0.7867460678183713,6.5233769922615314,4.336459159851074],[-0.34987970092168336,6.519510918218198,4.336459159851074]]},"orbitState":{"target":{"x":0,"y":6.44218943735157,"z":-3.8675655159139704e-16},"position":{"x":0,"y":6.442189437351572,"z":30}},"fileName":"Amamiya"}