{"orbitState":{"target":{"x":0,"y":6.685554771494584,"z":-4.024091467195101e-16},"position":{"x":0,"y":6.685554771494584,"z":5.411038171162237}},"firstEye":{"horizontal":[[0.2504738277306349,6.681198704925356,3.200077772140503],[0.24176169459217794,6.530914408286977,3.200077772140503]],"vertical":[[0.13286003036146712,6.626747872810001,3.200077772140503],[0.35284139210750315,6.6180357396715435,3.200077772140503]]},"senondEye":{"horizontal":[[-0.2504895633568556,6.681198704925356,3.200077772140503],[-0.24177743021839865,6.530914408286977,3.200077772140503]],"vertical":[[-0.13287576598768783,6.626747872810001,3.200077772140503],[-0.35285712773372385,6.6180357396715435,3.200077772140503]]},"fileName":"Amamiya"}