{"firstEye":{"horizontal":[[0.49894585084751525,8.012328035569107,1.8417998552322388],[0.45358713713410487,7.5378061074903515,1.8417998552322388]],"vertical":[[0.7955220558967376,7.8029801261225975,1.8417998552322388],[0.24772835951170322,7.8029801261225975,1.8417998552322388]]},"secondEye":{"horizontal":[[-0.49894585084751525,8.012328035569107,1.8417998552322388],[-0.45358713713410487,7.5378061074903515,1.8417998552322388]],"vertical":[[-0.7955220558967376,7.8029801261225975,1.8417998552322388],[-0.24772835951170322,7.8029801261225975,1.8417998552322388]]},"orbitState":{"target":{"x":0,"y":7.853572537572213,"z":-4.700412915885674e-16},"position":{"x":0,"y":7.853572537572215,"z":30},"zoom":9.553474908289045},"fileName":"kizunaai"}