{"firstEye":{"horizontal":[[0.516303225498397,8.009423873410716,4.336459159851074],[0.5343400194022705,7.563013224289832,4.336459159851074]],"vertical":[[0.7913643325324766,7.81552833894407,4.336459159851074],[0.2637881108441589,7.802000743516164,4.336459159851074]]},"secondEye":{"horizontal":[[-0.516303225498397,8.009423873410716,4.336459159851074],[-0.5343400194022705,7.563013224289832,4.336459159851074]],"vertical":[[-0.7913643325324766,7.81552833894407,4.336459159851074],[-0.2637881108441589,7.802000743516164,4.336459159851074]]},"orbitState":{"target":{"x":0,"y":7.418718873058881,"z":-4.44097287555978e-16},"position":{"x":0,"y":7.418718873058883,"z":30}},"fileName":"kizunaai"}