{"orbitState":{"target":{"x":0,"y":7.77062372742562,"z":-5.325128184817853e-16},"position":{"x":0,"y":7.77062372742562,"z":6.311168591529069}},"firstEye":{"horizontal":[[0.4358550886468027,7.967796267527749,1.8417998552322388],[0.40679808273701584,7.585904189856257,1.8417998552322388]],"vertical":[[0.2158520439012739,7.793454232069021,1.8417998552322388],[0.6641601350808423,7.793454232069021,1.8417998552322388]]},"senondEye":{"horizontal":[[-0.4358550886468027,7.967796267527749,1.8417998552322388],[-0.40679808273701584,7.585904189856257,1.8417998552322388]],"vertical":[[-0.2158520439012739,7.793454232069021,1.8417998552322388],[-0.6641601350808423,7.793454232069021,1.8417998552322388]]},"fileName":"kizunaai"}