{"firstEye":{"horizontal":[[0.5288789291280254,5.5199346970621725,4.336459159851074],[0.5141878477633578,5.053492863733984,4.336459159851074]],"vertical":[[0.841064408127207,5.295895706250995,4.336459159851074],[0.3011671679756811,5.288550165568662,4.336459159851074]]},"secondEye":{"horizontal":[[-0.5288789291280254,5.5199346970621725,4.336459159851074],[-0.5141878477633578,5.053492863733984,4.336459159851074]],"vertical":[[-0.841064408127207,5.295895706250995,4.336459159851074],[-0.3011671679756811,5.288550165568662,4.336459159851074]]},"orbitState":{"target":{"x":0,"y":5.6503180441736385,"z":-3.369084650698437e-16},"position":{"x":0,"y":5.65031804417364,"z":30},"zoom":9.075801162874592},"fileName":"mononobe"}