{"orbitState":{"target":{"x":0,"y":5.350859646132168,"z":-3.200908251842207e-16},"position":{"x":0,"y":5.350859646132169,"z":10.013763589698197}},"firstEye":{"horizontal":[[0.28473612965965833,5.453681026287049,4.336459159851074],[0.27946323836966425,5.184763570497371,4.336459159851074]],"vertical":[[0.15818673869981004,5.321858744037208,4.336459159851074],[0.46401443351944255,5.327131635327201,4.336459159851074]]},"senondEye":{"horizontal":[[-0.28473612965965833,5.453681026287049,4.336459159851074],[-0.27946323836966425,5.184763570497371,4.336459159851074]],"vertical":[[-0.15818673869981004,5.321858744037208,4.336459159851074],[-0.46401443351944255,5.327131635327201,4.336459159851074]]},"fileName":"mononobe"}