{"firstEye":{"horizontal":[[0.5509155511750262,5.523072417504503,4.336459159851074],[0.5277191069150254,5.059143532304481,4.336459159851074]],"vertical":[[0.8640675486850414,5.306572271077826,4.336459159851074],[0.3034868124016809,5.325902641294493,4.336459159851074]]},"secondEye":{"horizontal":[[-0.5509155511750262,5.523072417504503,4.336459159851074],[-0.5277191069150254,5.059143532304481,4.336459159851074]],"vertical":[[-0.8640675486850414,5.306572271077826,4.336459159851074],[-0.3034868124016809,5.325902641294493,4.336459159851074]]},"orbitState":{"target":{"x":0,"y":5.480545603027877,"z":-3.2763358715228545e-16},"position":{"x":0,"y":5.4805456030278785,"z":30}},"fileName":"mononobe"}